Coin Symbol,Exchange,Pair,Type,Amount,Price,Fee,Date,Notes
GAMER,MINTME,MINTME,buy,1,0.6,0.01,"11/02/2021, 7:37:58 AM",
GAMER,MINTME,MINTME,sell,1,0.09,0.01,"11/02/2021, 7:37:58 AM",
ETH,MINTME,ETH,sell,1,2.1E-06,0.01,"11/02/2021, 7:37:58 AM",
Binance,MINTME,BNB,sell,1,"	
0.0000133 ",0.01,"11/02/2021, 7:37:58 AM",
USDC,MINTME,USDC,sell,1,0.00703,0.01,"11/02/2021, 7:37:58 AM",
GAMER,MINTME,MINTME,fee,10,0.01,0.01,"11/02/2021, 7:37:58 AM",
GAMER,MINTME,MINTME,deposit,100,0.01,0.01,"11/02/2021, 7:37:58 AM",
BTC,MINTME,MINTME,sell,1,0.00000014 0.01,0.01,"11/02/2021, 7:37:58 AM",
